<NotepadPlus>
    <UserLang name="QlikView" ext="qvs" udlVersion="2.1">
        <Settings>
            <Global caseIgnored="yes" allowFoldOfComments="yes" foldCompact="no" forcePureLC="0" decimalSeparator="2" />
            <Prefix Keywords1="no" Keywords2="no" Keywords3="no" Keywords4="no" Keywords5="no" Keywords6="no" Keywords7="no" Keywords8="no" />
        </Settings>
        <KeywordLists>
            <Keywords name="Comments">00// 01 02 03/* 04*/</Keywords>
            <Keywords name="Numbers, prefix1">0x</Keywords>
            <Keywords name="Numbers, prefix2"></Keywords>
            <Keywords name="Numbers, extras1">A B C D E F a b c d e f</Keywords>
            <Keywords name="Numbers, extras2"></Keywords>
            <Keywords name="Numbers, suffix1"></Keywords>
            <Keywords name="Numbers, suffix2"></Keywords>
            <Keywords name="Numbers, range"></Keywords>
            <Keywords name="Operators1">&gt; &lt; = ( + - * / &lt;= &gt;= &lt;&gt; &amp; , ;</Keywords>
            <Keywords name="Operators2"></Keywords>
            <Keywords name="Folders in code1, open"></Keywords>
            <Keywords name="Folders in code1, middle"></Keywords>
            <Keywords name="Folders in code1, close"></Keywords>
            <Keywords name="Folders in code2, open">sub for do &quot;do while&quot; &quot;do until&quot; each switch</Keywords>
            <Keywords name="Folders in code2, middle">case default</Keywords>
            <Keywords name="Folders in code2, close">endsub &quot;end sub&quot; next loop &quot;loop while&quot; &quot;loop until&quot; endswitch &quot;end switch&quot;</Keywords>
            <Keywords name="Folders in comment, open"></Keywords>
            <Keywords name="Folders in comment, middle"></Keywords>
            <Keywords name="Folders in comment, close"></Keywords>
            <Keywords name="Keywords1">Add Alias Binary Buffer &quot;Bundle load&quot; &quot;bundle info load&quot; &quot;bundle sql&quot; &quot;bundle info sql&quot; Call Comment Concatenate Connect Crosstable Custom Derive Detail Dimension &quot;DIRECT QUERY&quot; Directory Disconnect &quot;load distinct&quot; &quot;Drop table&quot; &quot;drop tables&quot; &quot;drop field&quot; &quot;drop fields&quot; Execute Each &quot;Exit for&quot; &quot;exit do&quot; &quot;exit sub&quot; &quot;exit script&quot; First flushlog Force Generic &quot;Group By&quot; Hierarchy HierarchyBelongsTo if then else elseif &quot;else if&quot; endif &quot;end if&quot; &quot;info Image_size&quot; In &quot;Info load&quot; &quot;info sql&quot; Inline &quot;Inner join&quot; &quot;inner keep&quot; Inputfield Intervalmatch Join &quot;Left join&quot; &quot;left keep&quot; Let Load Loosen &quot;Mapping load&quot; Map Measure using Native &quot;Noconcatenate load&quot; NullAsValue NullAsNull OLEDB ODBC &quot;Outer join&quot; Qualify &quot;Rename field&quot; &quot;rename fields&quot; &quot;rename field using&quot; &quot;rename fields using&quot; &quot;rename table&quot; &quot;rename table using&quot; &quot;rename tables&quot; &quot;rename tables using&quot; &quot;Replace load&quot; &quot;replace only load&quot; &quot;Right join&quot; &quot;right keep&quot; Sample Section select Semantic Semantic Sleep SQL SQLColumns SQLTables SQLTypes Star Store switch &apos;end switch&apos; &apos;Tag field&apos; &apos;tag fields&apos; Trace Unless Unmap Unqualify Untag When Where set from as into to step autogenerate resident not or and then with</Keywords>
            <Keywords name="Keywords2">acos addmonths addyears age alt applycodepage applymap argb asin atan atan2 attribute author autonumber autonumberhash128 autonumberhash256 avg bitcount black blackandschole blue brown capitalize ceil chi2test_chi2 chi2test_df chi2test_p chidist chiinv chr class clientplatform color colormaphue colormapjet colormix1 colormix2 combin computername concat connectstring converttolocaltime correl cos cosh count cyan darkgray date date# day dayend daylightsaving dayname daynumberofquarter daynumberofyear daystart div DocumentName DocumentPath DocumentTitle Dual e Evaluate Even Exists exp fabs Fact False FDIST FieldIndex FieldName FieldNumber FieldValue FieldValueCount FileBaseName FileDir FileExtension FileList FileName FilePath FileSize FileTime FindOneOf FINV FirstSortedValue FirstValue FirstWorkDate Floor fmod Frac Fractile FV GetExtendedProperty GetFolderPath GetObjectField GetRegistryString GMT Green Hash128 Hash160 Hash256 Hour HSL if InDay InDayToTime Index InLunarWeek InLunarWeekToDate InMonth InMonths InMonthsToDate InMonthToDate Input InputAvg InputSum InQuarter InQuarterToDate Interval Interval# InWeek InWeekToDate InYear InYearToDate IRR IsNull IsNum IsPartialReload IsText IterNo KeepChar Kurtosis LastValue LastWorkDate Left Len LightBlue LightCyan LightGray LightGreen LightMagenta LightRed LINEST_B LINEST_DF LINEST_F LINEST_M LINEST_R2 LINEST_SEB LINEST_SEM LINEST_SEY LINEST_SSREG LINEST_SSRESID LocalTime log log10 Lookup Lower LTrim LunarWeekEnd LunarWeekName LunarWeekStart Magenta MakeDate MakeTime MakeWeekDate MapSubString Match Max MaxString Median Mid Min MinString Minute MissingCount MixMatch Mod Mode Money Money# Month MonthEnd MonthName MonthsEnd MonthsName MonthsStart MonthStart MsgBox NetWorkDays NoOfFields NoOfReports NoOfRows NoOfTables NORMDIST NORMINV Now nPer NPV Null NullCount Num Num# NumAvg NumCount NumericCount NumMax NumMin NumSum Odd Only Ord OSUser Peek Permut Pi Pick Pmt pow Previous PurgeChar PV QlikTechBlue QlikTechGray QlikViewVersion QuarterEnd QuarterName QuarterStart QvdCreateTime QvdFieldName QvdNoOfFields QvdNoOfRecords QvdTableName QVUser Rand RangeAvg RangeCorrel RangeCount RangeFractile RangeIRR RangeKurtosis RangeMax RangeMaxString RangeMin RangeMinString RangeMissingCount RangeMode RangeNPV RangeNullCount RangeNumericCount RangeOnly RangeSkew RangeStdev RangeSum RangeTextCount RangeXIRR RangeXNPV Rate RecNo Red ReloadTime Repeat Replace ReportComment ReportId ReportName ReportNumber RGB Right Round RowNo RTrim Second SetDateYear SetDateYearMonth Sign sin sinh Skew sqr sqrt Stdev Sterr STEYX SubField SubStringCount sum SysColor TableName TableNumber tan tanh TDIST Text TextBetween TextCount Time Time# Timestamp Timestamp# TimeZone TINV Today Trim True TTest1_conf TTest1_df TTest1_dif TTest1_lower TTest1_sig TTest1_sterr TTest1_t TTest1_upper TTest1w_conf TTest1w_df TTest1w_dif TTest1w_lower TTest1w_sig TTest1w_sterr TTest1w_t TTest1w_upper TTest_conf TTest_df TTest_dif TTest_lower TTest_sig TTest_sterr TTest_t TTest_upper TTestw_conf TTestw_df TTestw_dif TTestw_lower TTestw_sig TTestw_sterr TTestw_t TTestw_upper Upper UTC Week WeekDay WeekEnd WeekName WeekStart WeekYear White WildMatch WildMatch5 XIRR XNPV Year Year2Date YearEnd YearName YearStart YearToDate Yellow ZTest_conf ZTest_dif ZTest_lower ZTest_sig ZTest_sterr ZTest_upper ZTest_z ZTestw_conf ZTestw_dif ZTestw_lower ZTestw_sig ZTestw_sterr ZTestw_upper ZTestw_z</Keywords>
            <Keywords name="Keywords3">HidePrefix HideSuffix ThousandSep DecimalSep MoneyThousandSep MoneyDecimalSep MoneyFormat TimeFormat DateFormat TimestampFormat MonthNames DayNames YearMonthFormat</Keywords>
            <Keywords name="Keywords4">&quot;QVACB.CreateLogFile&quot; &quot;QVACB.LogFilePurge&quot; &quot;QVACB.LogSystemVariables&quot; QVACB.LogConnection QVACB.LogQVErrors QVACB.LogQVACBError QVACB.LogString QVACB.LogTables QVACB.LogSubCall QVACB.LogQVD QVACB.LoadLogFiles QVACB.SetEnvironmentVariables QVACB.SetAdditionalEnvironmentVariables QVACB.SetVariablesFromFile QVACB.PatternDropFields QVACB.PatternDropTables QVACB.CalendarFromDates QVACB.CalendarFromField QVACB.StoreMonthlyQVD QVACB.EmptyQVD QVACB.IntervalMatchClean QVACB.LookForNewVersion &quot;QVACB.TidyUp&quot; &quot;Qvc.AsOfTable&quot; &quot;Qvc.Calendar&quot; &quot;Qvc.CalendarFromField&quot; &quot;Qvc.GetFieldValues&quot; &quot;Qvc.Cleanup&quot; &quot;Qvc.ColorTheme&quot; &quot;Qvc.DataLineage&quot; &quot;Qvc.DbExtract&quot; &quot;Qvc.EmptyQvd&quot; &quot;Qvc.ExpandInterval&quot; &quot;Qvc.ExportModel&quot; &quot;Qvc.ImportModel&quot; &quot;Qvc.ExportTables&quot; &quot;Qvc.Icons&quot; &quot;Qvc.IncrementalSetup&quot; &quot;Qvc.IncrementalStore&quot; &quot;Qvc.UpdateQvd&quot; &quot;Qvc.InspectTable&quot; &quot;Qvc.JoinGenericTables&quot; &quot;Qvc.LinkTable&quot; &quot;Qvc.ListDirectories&quot; &quot;Qvc.ListFiles&quot; &quot;Qvc.Log&quot; &quot;Qvc.LogError&quot; &quot;Qvc.PopulateVariables&quot; &quot;Qvc.QvcAvailableUpdate&quot; &quot;Qvc.SegmentedStore&quot; &quot;Qvc.TableStats&quot; &quot;Qvc.GetFieldValues&quot; &quot;Qvc.QvdFieldNumber&quot; &quot;Qvc.CreateWildMapExpression&quot;</Keywords>
            <Keywords name="Keywords5">&quot;QVACB.v.Version&quot; &quot;QVACB.v.LookForNewVersion&quot; &quot;QVACB.v.EnableSubLogging&quot; &quot;QVACB.v.TimestampInLogFileName&quot; &quot;QVACB.v.UseQVLog&quot; &quot;QVACB.Exists.File&quot; &quot;QVACB.Exists.Table&quot; &quot;QVACB.NVL&quot;&#x000D;&#x000A;&quot;QVACB.MonthDiff&quot; &quot;QVACB.DateDiff&quot; &quot;QVACB.Days360&quot; &quot;QVACB.RollingSum&quot; &quot;QVACB.InRange&quot; &quot;Qvc.Global.Extension.Directory&quot; &quot;Qvc.Global.v.Version&quot; &quot;Qvc.Global.v.ScriptStart&quot; &quot;Qvc.Global.v.QlikBuild&quot; &quot;Qvc.Calendar.v.ExtFields&quot; &quot;Qvc.Calendar.v.CreateSetVariables&quot; &quot;Qvc.Calendar.v.Field.Date&quot; &quot;Qvc.Calendar.v.Field.Day&quot; &quot;Qvc.Calendar.v.Field.Weekday&quot; &quot;Qvc.Calendar.v.Field.Year&quot; &quot;Qvc.Calendar.v.Field.Month&quot; &quot;Qvc.Calendar.v.Field.YearMonth&quot; &quot;Qvc.Calendar.v.Field.Quarter&quot; &quot;Qvc.Calendar.v.Field.YearQuarter&quot; &quot;Qvc.Calendar.v.ExtFields&quot; &quot;Qvc.Calendar.v.ExtSetVariables&quot; &quot;Qvc.Calendar.v.SparseDates&quot; &quot;Qvc.ExpandInterval.v.RangeCeiling&quot; &quot;Qvc.Loader.v.ConnectionDir&quot; &quot;Qvc.Loader.v.CreateExtractTimestampField&quot; &quot;Qvc.Loader.v.StoreMaxModFieldValue&quot; &quot;Qvc.Log.v.LogTable&quot; &quot;Qvc.Log.v.LogField&quot; &quot;Qvc.Log.v.WriteLogFile&quot; &quot;Qvc.Log.v.WriteToQvLog&quot; &quot;Qvc.Log.v.KeepDays&quot; &quot;Qvc.Log.v.Level.INFO&quot; &quot;Qvc.Log.v.Level.WARNING&quot; &quot;Qvc.Log.v.Level.ERROR&quot; &quot;Qvc.Loader.v.DatabaseDatetimeMask&quot; &quot;Qvc.Loader.v.ModField.Type&quot; &quot;Qvc.Loader.v.BaseValue&quot; &quot;Qvc.Loader.v.QvdDirectory&quot; &quot;Qvc.Loader.v.Tablename&quot; &quot;Qvc.Loader.v.IncrementalExpression&quot; &quot;Qvc.Loader.v.KeyFieldIsUnique&quot; &quot;Qvc.Loader.v.Database&quot; &quot;Qvc.Loader.v.IncrementalFloor&quot; &quot;Qvc.Loader.v.DatabaseDatetimeMask&quot; &quot;Qvc.Loader.v.QualifiedModfield&quot; &quot;Qvc.FileExists&quot; &quot;Qvc.Global.v.ScriptDuration&quot; &quot;Qvc.Error.v.TerminatingLevel&quot; &quot;Qvc.ExpandInterval.v.RangeCeiling&quot; &quot;Qvc.Icons.v.Capitalize.ImageName&quot; &quot;Qvc.FieldContains&quot; &quot;Qvc.DateDiff&quot; &quot;Qvc.NVL&quot; &quot;Qvc.Days360&quot; &quot;Qvc.InRange&quot;</Keywords>
            <Keywords name="Keywords6"></Keywords>
            <Keywords name="Keywords7"></Keywords>
            <Keywords name="Keywords8"></Keywords>
            <Keywords name="Delimiters">00&quot; 00&apos; 01 02&quot; 02&apos; 03[ 04 05] 06 07 08 09 10 11 12 13 14 15 16 17 18 19 20 21 22 23</Keywords>
        </KeywordLists>
        <Styles>
            <WordsStyle name="DEFAULT" fgColor="000000" bgColor="FFFFFF" fontName="Courier New" fontStyle="0" nesting="0" />
            <WordsStyle name="COMMENTS" fgColor="008000" bgColor="FFFFFF" fontName="" fontStyle="0" nesting="0" />
            <WordsStyle name="LINE COMMENTS" fgColor="008000" bgColor="FFFFFF" fontName="" fontStyle="0" nesting="0" />
            <WordsStyle name="NUMBERS" fgColor="000000" bgColor="FFFFFF" fontName="" fontStyle="0" nesting="0" />
            <WordsStyle name="KEYWORDS1" fgColor="0000FF" bgColor="FFFFFF" fontName="" fontStyle="1" nesting="0" />
            <WordsStyle name="KEYWORDS2" fgColor="0000FF" bgColor="FFFFFF" fontName="" fontStyle="0" nesting="0" />
            <WordsStyle name="KEYWORDS3" fgColor="808080" bgColor="FFFFFF" fontName="" fontStyle="3" nesting="0" />
            <WordsStyle name="KEYWORDS4" fgColor="0000FF" bgColor="FFFFFF" fontName="" fontStyle="3" nesting="0" />
            <WordsStyle name="KEYWORDS5" fgColor="808080" bgColor="FFFFFF" fontName="" fontStyle="3" nesting="0" />
            <WordsStyle name="KEYWORDS6" fgColor="808080" bgColor="FFFFFF" fontName="" fontStyle="3" nesting="0" />
            <WordsStyle name="KEYWORDS7" fgColor="000000" bgColor="FFFFFF" fontName="" fontStyle="0" nesting="0" />
            <WordsStyle name="KEYWORDS8" fgColor="000000" bgColor="FFFFFF" fontName="" fontStyle="0" nesting="0" />
            <WordsStyle name="OPERATORS" fgColor="000000" bgColor="FFFFFF" fontName="" fontStyle="0" nesting="0" />
            <WordsStyle name="FOLDER IN CODE1" fgColor="FF00FF" bgColor="FFFFFF" fontName="" fontStyle="0" nesting="0" />
            <WordsStyle name="FOLDER IN CODE2" fgColor="0000FF" bgColor="FFFFFF" fontName="" fontStyle="1" nesting="0" />
            <WordsStyle name="FOLDER IN COMMENT" fgColor="000000" bgColor="FFFFFF" fontName="" fontStyle="0" nesting="0" />
            <WordsStyle name="DELIMITERS1" fgColor="000000" bgColor="FFFFFF" fontName="" fontStyle="0" nesting="0" />
            <WordsStyle name="DELIMITERS2" fgColor="800000" bgColor="FFFFFF" fontName="" fontStyle="0" nesting="0" />
            <WordsStyle name="DELIMITERS3" fgColor="000000" bgColor="FFFFFF" fontName="" fontStyle="0" nesting="0" />
            <WordsStyle name="DELIMITERS4" fgColor="000000" bgColor="FFFFFF" fontName="" fontStyle="0" nesting="0" />
            <WordsStyle name="DELIMITERS5" fgColor="000000" bgColor="FFFFFF" fontName="" fontStyle="0" nesting="0" />
            <WordsStyle name="DELIMITERS6" fgColor="000000" bgColor="FFFFFF" fontName="" fontStyle="0" nesting="0" />
            <WordsStyle name="DELIMITERS7" fgColor="000000" bgColor="FFFFFF" fontName="" fontStyle="0" nesting="0" />
            <WordsStyle name="DELIMITERS8" fgColor="000000" bgColor="FFFFFF" fontName="" fontStyle="0" nesting="0" />
        </Styles>
    </UserLang>
</NotepadPlus>
